BULLSEYE,FULL BLEED
BULLSEYE IE,INFINITY EDGE
DECO,FULL BLEED
GEMBACK,FULL BLEED
GEMBACK IE,INFINITY EDGE
JAX,FULL BLEED
JAX IE,INFINITY EDGE
LAWNCHAIR,FULL BLEED
MATRIX,FULL BLEED
MERCURY,FULL BLEED
NORTHSTAR,FULL BLEED
NORTHSTAR IE,INFINITY EDGE
NOVA,FULL BLEED
PERIDOT,FULL BLEED
PERIDOT IE,INFINITY EDGE
PINWHEEL IE,INFINITY EDGE
RETRO,FULL BLEED
RETRO IE,INFINITY EDGE
SNOWFLAKE,INFINITY EDGE
SNOWFLAKE IE,INFINITY EDGE
SPROCKETS,FULL BLEED
SUNBURST,FULL BLEED
SUNBURST IE,INFINITY EDGE
SWIRL,FULL BLEED
SWIRL IE,INFINITY EDGE
WEAVE,FULL BLEED
CUSTOM,CUSTOM